recorded_at	stage	scope	source_name	database_version	reference_build	access_method	input_uri	input_etag	input_last_modified	input_bytes	input_sha256	output_path	output_bytes	output_sha256	software_name	software_version	command	code_version	storage_root	operator
2026-09-27T06:44:55+00:00	stage2	smoke	gnomAD HGDP+1KG post-QC summary	hgdp_1kg_v2		download	https://storage.googleapis.com/gcp-public-data--gnomad/release/3.1/secondary_analyses/hgdp_1kg_v2/metadata_and_qc/post_qc_summary.tsv	36ad9624b3e32d86a475b31865a93215	Wed, 01 May 2024 00:01:31 GMT	10599	b792381670f55201e2dd2ce9df61a59a2c29426b06e34b9a1bb7b32b7d8657ab	population_metadata/post_qc_summary.tsv	10599	b792381670f55201e2dd2ce9df61a59a2c29426b06e34b9a1bb7b32b7d8657ab	ancal.provenance.fetch	0.1.0	fetch https://storage.googleapis.com/gcp-public-data--gnomad/release/3.1/secondary_analyses/hgdp_1kg_v2/metadata_and_qc/post_qc_summary.tsv -> post_qc_summary.tsv	ancal 0.1.0 @ c6ab6c8	/Users/arman/Panhuman-ancestry-calibration/data_store	arman
2026-09-27T06:54:32+00:00	stage3	smoke	gnomAD HGDP+1KG sample metadata	hgdp_1kg_v2		download	https://storage.googleapis.com/gcp-public-data--gnomad/release/3.1/secondary_analyses/hgdp_1kg_v2/metadata_and_qc/gnomad_meta_updated.tsv	35844f5782df8f1c5c8ea5d18dbb966e	Wed, 01 May 2024 00:01:30 GMT	6158624	e18e7a29d0567b8063edc1a714bd31e57dc422823ba51af2c63fecef0dbc3cf1	population_metadata/gnomad_meta_updated.tsv	6158624	e18e7a29d0567b8063edc1a714bd31e57dc422823ba51af2c63fecef0dbc3cf1	ancal.provenance.fetch	0.1.0	fetch https://storage.googleapis.com/gcp-public-data--gnomad/release/3.1/secondary_analyses/hgdp_1kg_v2/metadata_and_qc/gnomad_meta_updated.tsv -> gnomad_meta_updated.tsv	ancal 0.1.0 @ 3124a45	/Users/arman/Panhuman-ancestry-calibration/data_store	arman
2026-09-27T06:54:32+00:00	stage3	smoke	Koenig et al. global PC scores (post-QC)	hgdp_1kg_v2		download	https://storage.googleapis.com/gcp-public-data--gnomad/release/3.1/secondary_analyses/hgdp_1kg_v2/pca/pc_scores_without_outliers/GLOBAL_scores_without_outliers.txt.bgz	0140c686908aa218c29b9c6e95bc4a67	Wed, 01 May 2024 00:01:33 GMT	333124	2e3afe09b112e500abe823e54c38e40342025108cdb4229cf21881fb587273ec	population_metadata/GLOBAL_scores_without_outliers.txt.bgz	333124	2e3afe09b112e500abe823e54c38e40342025108cdb4229cf21881fb587273ec	ancal.provenance.fetch	0.1.0	fetch https://storage.googleapis.com/gcp-public-data--gnomad/release/3.1/secondary_analyses/hgdp_1kg_v2/pca/pc_scores_without_outliers/GLOBAL_scores_without_outliers.txt.bgz -> GLOBAL_scores_without_outliers.txt.bgz	ancal 0.1.0 @ 3124a45	/Users/arman/Panhuman-ancestry-calibration/data_store	arman
2026-09-27T06:54:33+00:00	stage3	smoke	Koenig et al. PCA outliers	hgdp_1kg_v2		download	https://storage.googleapis.com/gcp-public-data--gnomad/release/3.1/secondary_analyses/hgdp_1kg_v2/pca/pca_outliers.txt	e3852a29518bb569f1358d3a3590bdb8	Wed, 01 May 2024 00:01:33 GMT	218	592772fff79086a6b55ce07693f2871c9e4fbe9bdeff1ff926d87fcba884994f	population_metadata/pca_outliers.txt	218	592772fff79086a6b55ce07693f2871c9e4fbe9bdeff1ff926d87fcba884994f	ancal.provenance.fetch	0.1.0	fetch https://storage.googleapis.com/gcp-public-data--gnomad/release/3.1/secondary_analyses/hgdp_1kg_v2/pca/pca_outliers.txt -> pca_outliers.txt	ancal 0.1.0 @ 3124a45	/Users/arman/Panhuman-ancestry-calibration/data_store	arman
2026-09-27T06:54:33+00:00	stage3	smoke	Koenig et al. unrelated PCA set (column metadata)	hgdp_1kg_v2		download	https://storage.googleapis.com/gcp-public-data--gnomad/release/3.1/secondary_analyses/hgdp_1kg_v2/pca_results/unrelateds_without_outliers.mt/cols/metadata.json.gz	382b1b29c4c5ef9c16000b1eed5f37e7	Wed, 01 May 2024 00:01:32 GMT	3651	0f5fff59028863227e94cc07a2d7c2ee139dc98cd99d691d3ce8eecf874a7440	population_metadata/unrelateds_without_outliers.cols.metadata.json.gz	3651	0f5fff59028863227e94cc07a2d7c2ee139dc98cd99d691d3ce8eecf874a7440	ancal.provenance.fetch	0.1.0	fetch https://storage.googleapis.com/gcp-public-data--gnomad/release/3.1/secondary_analyses/hgdp_1kg_v2/pca_results/unrelateds_without_outliers.mt/cols/metadata.json.gz -> unrelateds_without_outliers.cols.metadata.json.gz	ancal 0.1.0 @ 3124a45	/Users/arman/Panhuman-ancestry-calibration/data_store	arman
2026-09-27T06:54:33+00:00	stage3	smoke	Koenig et al. related PCA set (column metadata)	hgdp_1kg_v2		download	https://storage.googleapis.com/gcp-public-data--gnomad/release/3.1/secondary_analyses/hgdp_1kg_v2/pca_results/relateds_without_outliers.mt/cols/metadata.json.gz	e172a713e9b954976e0839e994240639	Wed, 01 May 2024 00:01:32 GMT	3650	9cd0fec6131c8d302742af340ca0a4319ca95d6b569e85d05dea95de8864c773	population_metadata/relateds_without_outliers.cols.metadata.json.gz	3650	9cd0fec6131c8d302742af340ca0a4319ca95d6b569e85d05dea95de8864c773	ancal.provenance.fetch	0.1.0	fetch https://storage.googleapis.com/gcp-public-data--gnomad/release/3.1/secondary_analyses/hgdp_1kg_v2/pca_results/relateds_without_outliers.mt/cols/metadata.json.gz -> relateds_without_outliers.cols.metadata.json.gz	ancal 0.1.0 @ 3124a45	/Users/arman/Panhuman-ancestry-calibration/data_store	arman
2026-09-27T06:54:34+00:00	stage3	smoke	Koenig et al. related sample IDs (Hail Table)	hgdp_1kg_v2		hail_table_decode	https://storage.googleapis.com/gcp-public-data--gnomad/release/3.1/secondary_analyses/hgdp_1kg_v2/pca_preprocessing/related_sample_ids.ht				5037bf059eac769a2b5e2718f87ac600d7e04d9868bc02e6b5d5f2cc699eaccb	population_metadata/related_sample_ids.txt	5712	e6b583fd595a5480f78d78eb98bd0e40e728cca4e0d3b9250c21f58c9c4e3aa4	ancal.sources.hail_table	reads Hail 0.2.130-bea04d9c79b5	ancal.sources.hail_table.read_string_key_table https://storage.googleapis.com/gcp-public-data--gnomad/release/3.1/secondary_analyses/hgdp_1kg_v2/pca_preprocessing/related_sample_ids.ht	ancal 0.1.0 @ 3124a45	/Users/arman/Panhuman-ancestry-calibration/data_store	arman
2026-09-27T06:54:35+00:00	stage3	smoke	gnomAD HGDP+1KG VCF header	v3.1.2		remote_header	https://storage.googleapis.com/gcp-public-data--gnomad/release/3.1.2/vcf/genomes/gnomad.genomes.v3.1.2.hgdp_tgp.chr17.vcf.bgz	840b73079d2de44bf3f0b0f03c84c173	Sat, 30 Oct 2021 03:15:29 GMT	108129088234		population_metadata/vcf_header_chr17.txt	187492	0e9820f48f18249fcdd1d1b5aad18ab559be69cd4529f64c34a9592d648843a6	bcftools	bcftools 1.21	bcftools view --no-version -h https://storage.googleapis.com/gcp-public-data--gnomad/release/3.1.2/vcf/genomes/gnomad.genomes.v3.1.2.hgdp_tgp.chr17.vcf.bgz	ancal 0.1.0 @ 3124a45	/Users/arman/Panhuman-ancestry-calibration/data_store	arman
2026-09-27T06:54:36+00:00	stage3	smoke	derived			derived	population_metadata/{gnomad_meta_updated.tsv,post_qc_summary.tsv,GLOBAL_scores_without_outliers.txt.bgz,pca_outliers.txt,related_sample_ids.txt,vcf_header_chr17.txt}					tables/sample_metadata.tsv	1252433	943f79cbde08c1e7cca35cf1439b17683f4a1e30ad1362ddd8daeb57b1bb5779	ancal.stages.samples	ancal 0.1.0 @ 3124a45	ancal stage3	ancal 0.1.0 @ 3124a45	/Users/arman/Panhuman-ancestry-calibration/data_store	arman
2026-09-27T06:54:36+00:00	stage3	smoke	derived			derived	population_metadata/{gnomad_meta_updated.tsv,post_qc_summary.tsv,GLOBAL_scores_without_outliers.txt.bgz,pca_outliers.txt,related_sample_ids.txt,vcf_header_chr17.txt}					tables/population_mapping.tsv	5657	5fcdee419694a653d9bce7c6b63b1a17187b6233b457fdfebdede42ce847effe	ancal.stages.samples	ancal 0.1.0 @ 3124a45	ancal stage3	ancal 0.1.0 @ 3124a45	/Users/arman/Panhuman-ancestry-calibration/data_store	arman
2026-09-27T06:54:36+00:00	stage3	smoke	derived			derived	population_metadata/{gnomad_meta_updated.tsv,post_qc_summary.tsv,GLOBAL_scores_without_outliers.txt.bgz,pca_outliers.txt,related_sample_ids.txt,vcf_header_chr17.txt}					tables/population_counts.tsv	5388	7d08191cee487badad7bec20c2b203c70c889e3639916cee61020eefb9d39a15	ancal.stages.samples	ancal 0.1.0 @ 3124a45	ancal stage3	ancal 0.1.0 @ 3124a45	/Users/arman/Panhuman-ancestry-calibration/data_store	arman
2026-09-27T06:54:37+00:00	stage3	smoke	derived			derived	population_metadata/{gnomad_meta_updated.tsv,post_qc_summary.tsv,GLOBAL_scores_without_outliers.txt.bgz,pca_outliers.txt,related_sample_ids.txt,vcf_header_chr17.txt}					config/population_groups.yaml	1189	0a29d28ad12b575ec8b99baaf5a25e3ee9286b277141f3828bc025a34a860e91	ancal.stages.samples	ancal 0.1.0 @ 3124a45	ancal stage3	ancal 0.1.0 @ 3124a45	/Users/arman/Panhuman-ancestry-calibration/data_store	arman
2026-09-27T06:54:37+00:00	stage3	smoke	derived			derived	population_metadata/{gnomad_meta_updated.tsv,post_qc_summary.tsv,GLOBAL_scores_without_outliers.txt.bgz,pca_outliers.txt,related_sample_ids.txt,vcf_header_chr17.txt}					population_metadata/sample_metadata.parquet	638738	4258abe736cd71a6c5784dbeccb7de688dea6280839b79411bca85c3c8ea874c	ancal.stages.samples	ancal 0.1.0 @ 3124a45	ancal stage3	ancal 0.1.0 @ 3124a45	/Users/arman/Panhuman-ancestry-calibration/data_store	arman
2026-09-27T06:54:37+00:00	stage3	smoke	derived			derived	population_metadata/{gnomad_meta_updated.tsv,post_qc_summary.tsv,GLOBAL_scores_without_outliers.txt.bgz,pca_outliers.txt,related_sample_ids.txt,vcf_header_chr17.txt}					reports/qc/sample_count_report.md	6142	d9e654ac53511c1f9f4c5f862597560ef2f3f9c14f907f2edb720eebbdc7aec8	ancal.stages.samples	ancal 0.1.0 @ 3124a45	ancal stage3	ancal 0.1.0 @ 3124a45	/Users/arman/Panhuman-ancestry-calibration/data_store	arman
2026-09-27T07:05:18+00:00	stage3	smoke	derived			derived	population_metadata/{gnomad_meta_updated.tsv,post_qc_summary.tsv,GLOBAL_scores_without_outliers.txt.bgz,pca_outliers.txt,related_sample_ids.txt,vcf_header_chr17.txt}					reports/qc/sample_count_report.md	6142	ff6574d947ca78a3c42b44a3d0b7fd69cdc63aac193482cec548d49dd6432cad	ancal.stages.samples	ancal 0.1.0 @ a76c19b	ancal stage3	ancal 0.1.0 @ a76c19b	/Users/arman/Panhuman-ancestry-calibration/data_store	arman
2026-09-27T07:06:21+00:00	stage4	smoke	GENCODE basic	v50	GRCh38	stream_filter	https://ftp.ebi.ac.uk/pub/databases/gencode/Gencode_human/release_50/gencode.v50.basic.annotation.gtf.gz	4c4405a-653d1a510671b	Tue, 09 Jun 2026 12:55:42 GMT	79970394	5b9ad9aa71f6ab5d55123c51f74723644a895bc0cbaa9cee8fbc11bb9dec0bf7	reference/gencode.v50.basic.mane_select.gtf.gz	5580714	c40a05a39248de2cf31584df14d98904e130bb618eab2d3befc5452b18b0078e	ancal.provenance.stream_filter	0.1.0	stream_filter [MANE_Select transcript+CDS rows on chr1-22,X] https://ftp.ebi.ac.uk/pub/databases/gencode/Gencode_human/release_50/gencode.v50.basic.annotation.gtf.gz -> gencode.v50.basic.mane_select.gtf.gz	ancal 0.1.0 @ a76c19b	/Users/arman/Panhuman-ancestry-calibration/data_store	arman
2026-09-27T07:06:39+00:00	stage4	smoke	UCSC hg38 chr17	hg38 (UCSC per-chromosome)	GRCh38	stream_filter	https://hgdownload.soe.ucsc.edu/goldenPath/hg38/chromosomes/chr17.fa.gz	18bacea-4f0ac983cb880	Fri, 24 Jan 2014 00:39:46 GMT	25930986	9acaede8d9b0a190489b49ebf38063bc69897c0d5f125c7549a6f7ee91a0b3c0	reference/GRCh38.chr17.fa.gz	22102570	b3b5b52c9045761235cf688668acc348858a00ad3021b8fe99c0c390fa3f580e	ancal.provenance.stream_filter	0.1.0	stream_filter [uppercase soft-masked bases; bgzip] https://hgdownload.soe.ucsc.edu/goldenPath/hg38/chromosomes/chr17.fa.gz -> GRCh38.chr17.fa.gz	ancal 0.1.0 @ a76c19b	/Users/arman/Panhuman-ancestry-calibration/data_store	arman
2026-09-27T07:06:40+00:00	stage4	smoke	faidx index chr17		GRCh38	derived	GRCh38.chr17.fa.gz					reference/GRCh38.chr17.fa.gz.fai	23	9597aca42ec115a11a5212f8098780c759627cceb30ca8e03cf2243df2c90a3d	samtools	samtools 1.21	samtools faidx GRCh38.chr17.fa.gz	ancal 0.1.0 @ a76c19b	/Users/arman/Panhuman-ancestry-calibration/data_store	arman
2026-09-27T07:06:40+00:00	stage4	smoke	faidx index chr17		GRCh38	derived	GRCh38.chr17.fa.gz					reference/GRCh38.chr17.fa.gz.gzi	20808	fc8930728c3e1e35b35680025eeb01dbc8c41c0936d36536ea053cd87a48a0f5	samtools	samtools 1.21	samtools faidx GRCh38.chr17.fa.gz	ancal 0.1.0 @ a76c19b	/Users/arman/Panhuman-ancestry-calibration/data_store	arman
2026-09-27T07:08:03+00:00	stage4	smoke	AlphaMissense hg38	AlphaMissense 2023 (CC BY-NC-SA 4.0)	GRCh38	stream_filter	https://storage.googleapis.com/dm_alphamissense/AlphaMissense_hg38.tsv.gz	9fd167735f16a1b87da6eb3e4c25fcb5	Thu, 03 Aug 2023 14:36:53 GMT	642961469	0516cfd71c0767ac8f9c469252d429000e94e02c008b6e3a46d4b4646fcd3475	reference/alphamissense_hg38.smoke.tsv.gz	138248	51ade726849219586e16cdae68e57c19d5a6879530dfad49abbb24f6612f4fec	ancal.provenance.stream_filter	0.1.0	stream_filter [rows inside resources/regions/smoke.bed] https://storage.googleapis.com/dm_alphamissense/AlphaMissense_hg38.tsv.gz -> alphamissense_hg38.smoke.tsv.gz	ancal 0.1.0 @ a76c19b	/Users/arman/Panhuman-ancestry-calibration/data_store	arman
2026-09-27T07:08:07+00:00	stage4	smoke	ClinVar tabix index	20260923	GRCh38	download	https://ftp.ncbi.nlm.nih.gov/pub/clinvar/vcf_GRCh38/clinvar_20260923.vcf.gz.tbi		Thu, 24 Sep 2026 09:07:02 GMT	611591	b9a10343de45a560ab1774fa821ce841925404fe9130f4a3330af67ce6a18b7d	clinvar/clinvar_20260923.vcf.gz.tbi	611591	b9a10343de45a560ab1774fa821ce841925404fe9130f4a3330af67ce6a18b7d	ancal.provenance.fetch	0.1.0	fetch https://ftp.ncbi.nlm.nih.gov/pub/clinvar/vcf_GRCh38/clinvar_20260923.vcf.gz.tbi -> clinvar_20260923.vcf.gz.tbi	ancal 0.1.0 @ a76c19b	/Users/arman/Panhuman-ancestry-calibration/data_store	arman
2026-09-27T07:08:20+00:00	stage4	smoke	ClinVar GRCh38 (region subset)	20260923	GRCh38	remote_tabix	https://ftp.ncbi.nlm.nih.gov/pub/clinvar/vcf_GRCh38/clinvar_20260923.vcf.gz		Thu, 24 Sep 2026 09:06:59 GMT	198131324	not_hashed:remote_region_query	clinvar/clinvar_20260923.smoke.vcf.gz	946275	a42f377942f45908c60fa24925742090abda72dc0ec624c3725312476602dc09	bcftools	bcftools 1.21	bcftools view --no-version -R /Users/arman/Panhuman-ancestry-calibration/data_store/clinvar/regions.smoke.nochr.bed 'https://ftp.ncbi.nlm.nih.gov/pub/clinvar/vcf_GRCh38/clinvar_20260923.vcf.gz##idx##/Users/arman/Panhuman-ancestry-calibration/data_store/clinvar/clinvar_20260923.vcf.gz.tbi' | bcftools annotate --no-version --rename-chrs /Users/arman/Panhuman-ancestry-calibration/data_store/clinvar/chr_rename.txt -Oz -o /Users/arman/Panhuman-ancestry-calibration/data_store/clinvar/clinvar_20260923.smoke.vcf.gz && tabix -f -p vcf /Users/arman/Panhuman-ancestry-calibration/data_store/clinvar/clinvar_20260923.smoke.vcf.gz	ancal 0.1.0 @ a76c19b	/Users/arman/Panhuman-ancestry-calibration/data_store	arman
2026-09-27T07:08:21+00:00	stage4	smoke	tabix index			derived	clinvar_20260923.smoke.vcf.gz					clinvar/clinvar_20260923.smoke.vcf.gz.tbi	316	b2a8a9e6df4f77b6788611db2472bc8e46da31f4189d67c909484851a82bd0da	tabix	tabix (htslib) 1.21	tabix -p vcf clinvar_20260923.smoke.vcf.gz	ancal 0.1.0 @ a76c19b	/Users/arman/Panhuman-ancestry-calibration/data_store	arman
2026-09-27T07:08:21+00:00	stage4	smoke	derived			derived	gencode.v50.basic.mane_select.gtf.gz					reference/mane_select_transcripts.parquet	643955	d85cfee664b6a0f1309ef25865ee3e15d91ba005b4f919e9b644850799bb5988	ancal.stages.reference	ancal 0.1.0 @ a76c19b	ancal stage4	ancal 0.1.0 @ a76c19b	/Users/arman/Panhuman-ancestry-calibration/data_store	arman
2026-09-27T07:08:21+00:00	stage4	smoke	derived			derived	gencode.v50.basic.mane_select.gtf.gz					reference/mane_select_cds.parquet	1753390	0d35c10ae2e9b557fcfc8dd28d21c86f9c4bb6b0946b6eb35316f695b68fe4fc	ancal.stages.reference	ancal 0.1.0 @ a76c19b	ancal stage4	ancal 0.1.0 @ a76c19b	/Users/arman/Panhuman-ancestry-calibration/data_store	arman
2026-09-27T07:08:21+00:00	stage4	smoke	derived			derived	gencode.v50.basic.mane_select.gtf.gz					resources/regions/smoke.bed	930	f45014cb45bb1696bc443bec75891e0e350c456271589fb47cc7879f8af08035	ancal.stages.reference	ancal 0.1.0 @ a76c19b	ancal stage4	ancal 0.1.0 @ a76c19b	/Users/arman/Panhuman-ancestry-calibration/data_store	arman
2026-09-27T07:09:04+00:00	stage3	smoke	derived			derived	population_metadata/{gnomad_meta_updated.tsv,post_qc_summary.tsv,GLOBAL_scores_without_outliers.txt.bgz,pca_outliers.txt,related_sample_ids.txt,vcf_header_chr17.txt}					reports/qc/sample_count_report.md	6142	d9e654ac53511c1f9f4c5f862597560ef2f3f9c14f907f2edb720eebbdc7aec8	ancal.stages.samples	ancal 0.1.0 @ a76c19b-dirty	ancal stage3	ancal 0.1.0 @ a76c19b-dirty	/Users/arman/Panhuman-ancestry-calibration/data_store	arman
2026-09-27T08:01:32+00:00	stage5	smoke	MaveDB human score sets (full records)	MaveDB API 2026.2.7.3		api	"https://api.mavedb.org/api/v1/score-sets/search {""targetOrganismNames"": [""Homo sapiens""], ""published"": true, ""limit"": 100} + GET /score-sets/{urn}"				7b84afb313fc15983b5a22e235a1d006096933ed4c26c28558e0886dd50e8bfb	dms/mavedb/score_sets.json.gz	808224	ea900ce82231ce05d622d0ae36c486ec533df9df282e319a1c08be10080913e6	ancal.sources.mavedb	ancal 0.1.0 @ 769dc43	"GET/POST https://api.mavedb.org/api/v1/score-sets/search {""targetOrganismNames"": [""Homo sapiens""], ""published"": true, ""limit"": 100} + GET /score-sets/{urn}"	ancal 0.1.0 @ 769dc43	/Users/arman/Panhuman-ancestry-calibration/data_store	arman
2026-09-27T08:01:32+00:00	stage5	smoke	MaveDB mapped HGNC genes per score set	MaveDB API 2026.2.7.3		api	https://api.mavedb.org/api/v1/score-sets/mapped-genes				52a1975e6e65593e107e41764535ae4773205f863fad08985c01d1b9baa44396	dms/mavedb/mapped_genes.json.gz	3008	d609bd87a33fe89b6e6fe07f081eb7bea872de27a96c942481261ed6935fe5d9	ancal.sources.mavedb	ancal 0.1.0 @ 769dc43	GET/POST https://api.mavedb.org/api/v1/score-sets/mapped-genes	ancal 0.1.0 @ 769dc43	/Users/arman/Panhuman-ancestry-calibration/data_store	arman
